{"layers": [{"layers": [{"layers": [{"name": "LSTM", "custom_name": "lstm", "inner_activation": "hard_sigmoid", "go_backwards": false, "output_dim": 512, "trainable": true, "input_shape": [30, 300], "stateful": false, "cache_enabled": true, "init": "glorot_uniform", "inner_init": "orthogonal", "input_dim": 300, "return_sequences": false, "activation": "tanh", "forget_bias_init": "one", "input_length": null}], "name": "Sequential"}, {"layers": [{"name": "Reshape", "custom_name": "reshape", "dims": [4096], "trainable": true, "input_shape": [4096], "cache_enabled": true}], "name": "Sequential"}], "name": "Merge", "custom_name": "merge", "concat_axis": 1, "trainable": true, "dot_axes": -1, "cache_enabled": true, "mode": "concat"}, {"W_constraint": null, "b_constraint": null, "name": "Dense", "custom_name": "dense", "activity_regularizer": null, "trainable": true, "cache_enabled": true, "init": "uniform", "activation": "linear", "input_dim": null, "b_regularizer": null, "W_regularizer": null, "output_dim": 1024}, {"cache_enabled": true, "activation": "tanh", "trainable": true, "name": "Activation", "custom_name": "activation"}, {"cache_enabled": true, "trainable": true, "name": "Dropout", "custom_name": "dropout", "p": 0.5}, {"W_constraint": null, "b_constraint": null, "name": "Dense", "custom_name": "dense", "activity_regularizer": null, "trainable": true, "cache_enabled": true, "init": "uniform", "activation": "linear", "input_dim": null, "b_regularizer": null, "W_regularizer": null, "output_dim": 1024}, {"cache_enabled": true, "activation": "tanh", "trainable": true, "name": "Activation", "custom_name": "activation"}, {"cache_enabled": true, "trainable": true, "name": "Dropout", "custom_name": "dropout", "p": 0.5}, {"W_constraint": null, "b_constraint": null, "name": "Dense", "custom_name": "dense", "activity_regularizer": null, "trainable": true, "cache_enabled": true, "init": "uniform", "activation": "linear", "input_dim": null, "b_regularizer": null, "W_regularizer": null, "output_dim": 1024}, {"cache_enabled": true, "activation": "tanh", "trainable": true, "name": "Activation", "custom_name": "activation"}, {"cache_enabled": true, "trainable": true, "name": "Dropout", "custom_name": "dropout", "p": 0.5}, {"W_constraint": null, "b_constraint": null, "name": "Dense", "custom_name": "dense", "activity_regularizer": null, "trainable": true, "cache_enabled": true, "init": "glorot_uniform", "activation": "linear", "input_dim": null, "b_regularizer": null, "W_regularizer": null, "output_dim": 1000}, {"cache_enabled": true, "activation": "softmax", "trainable": true, "name": "Activation", "custom_name": "activation"}], "name": "Sequential"}